{"cameraMode":{"drawMode":0,"name":"Shaded","section":"Shading Mode"},"sceneLighting":true,"audioPlay":false,"sceneViewState":{"m_AlwaysRefresh":false,"showFog":true,"showSkybox":true,"showFlares":true,"showImageEffects":true,"showParticleSystems":true,"showVisualEffectGraphs":true,"m_FxEnabled":true},"in2DMode":false,"pivot":{"x":-2.0185301303863527,"y":1.4624919891357422,"z":-1.0391441583633423},"rotation":{"x":0.7067574858665466,"y":0.022270189598202707,"z":-0.022270193323493005,"w":0.7067579030990601},"size":6.7056097984313969,"orthographic":false}