{"cameraMode":{"drawMode":0,"name":"Shaded","section":"Shading Mode"},"sceneLighting":true,"audioPlay":false,"sceneViewState":{"m_AlwaysRefresh":false,"showFog":true,"showSkybox":true,"showFlares":true,"showImageEffects":true,"showParticleSystems":true,"showVisualEffectGraphs":true,"m_FxEnabled":true},"in2DMode":false,"pivot":{"x":-25.378990173339845,"y":-50.73099136352539,"z":-120.28691864013672},"rotation":{"x":-0.010374766774475575,"y":0.9800602793693543,"z":-0.19142889976501466,"w":-0.05304155498743057},"size":74.55618286132813,"orthographic":false}